{
  "exportDate": "2025-09-30T15:39:18.608Z",
  "exportedBy": "test-admin",
  "files": [
    {
      "type": "users",
      "filename": "users-export-2025-09-30-15-39.csv",
      "count": 0
    },
    {
      "type": "properties",
      "filename": "properties-export-2025-09-30-15-39.csv",
      "count": 0
    },
    {
      "type": "contacts",
      "filename": "contacts-export-2025-09-30-15-39.csv",
      "count": 0
    },
    {
      "type": "deals",
      "filename": "deals-export-2025-09-30-15-39.csv",
      "count": 0
    },
    {
      "type": "companies",
      "filename": "companies-export-2025-09-30-15-39.csv",
      "count": 0
    }
  ],
  "totalRecords": 0,
  "version": "1.0"
}